Location_ID,State,SA4_Name,LGA_Name,Remoteness_Category
1,NSW,Riverina,Wagga Wagga,Inner Regional Australia
2,NSW,Sydney - Baulkham Hills and Hawkesbury,Hawkesbury,Inner Regional Australia
3,Tas,Launceston and North East,Northern Midlands,Inner Regional Australia
4,NSW,New England and North West,Armidale Regional,Outer Regional Australia
5,Vic,,,Unknown
6,Qld,Toowoomba,Lockyer Valley,Inner Regional Australia
7,SA,Barossa - Yorke - Mid North,Wakefield,Outer Regional Australia
8,WA,,,Unknown
9,Qld,Darling Downs - Maranoa,Southern Downs,Inner Regional Australia
10,Tas,Hobart,Brighton,Inner Regional Australia
11,Tas,Launceston and North East,West Tamar,Outer Regional Australia
12,SA,South Australia - South East,Mid Murray,Outer Regional Australia
13,NSW,Sydney - Outer West and Blue Mountains,Blue Mountains,Major Cities of Australia
14,NSW,Capital Region,Upper Lachlan,Inner Regional Australia
15,SA,South Australia - South East,Wattle Range,Outer Regional Australia
16,Qld,Cairns,Cairns,Outer Regional Australia
17,ACT,Australian Capital Territory,Unincorporated ACT,Major Cities of Australia
18,NSW,Illawarra,Wollongong,Major Cities of Australia
19,NSW,Sydney - Outer West and Blue Mountains,Penrith,Major Cities of Australia
20,NSW,Hunter Valley exc Newcastle,Upper Hunter,Outer Regional Australia
21,Qld,Wide Bay,South Burnett,Outer Regional Australia
22,NSW,Central West,Mid-Western Regional,Outer Regional Australia
23,NSW,Sydney - Inner South West,Canterbury-Bankstown,Major Cities of Australia
24,NT,,,Unknown
25,Vic,Hume,Mitchell,Inner Regional Australia
26,NSW,Murray,Greater Hume,Outer Regional Australia
27,Qld,Darling Downs - Maranoa,Southern Downs,Outer Regional Australia
28,SA,Barossa - Yorke - Mid North,Barossa,Inner Regional Australia
29,NSW,Mid North Coast,Port Macquarie-Hastings,Inner Regional Australia
30,Qld,Cairns,Douglas,Outer Regional Australia
31,Qld,Mackay - Isaac - Whitsunday,Mackay,Outer Regional Australia
32,SA,South Australia - South East,Yankalilla,Inner Regional Australia
33,Qld,Logan - Beaudesert,Logan,Major Cities of Australia
34,Tas,Launceston and North East,Dorset,Outer Regional Australia
35,NSW,New England and North West,Armidale Regional,Inner Regional Australia
36,NSW,Mid North Coast,Nambucca Valley,Inner Regional Australia
37,NSW,Far West and Orana,Narromine,Outer Regional Australia
38,Qld,Wide Bay,Fraser Coast,Inner Regional Australia
39,SA,South Australia - Outback,Unincorporated SA,Very Remote Australia
40,NSW,Illawarra,Shellharbour,Major Cities of Australia
41,NSW,New England and North West,Narrabri,Outer Regional Australia
42,Qld,Logan - Beaudesert,Logan,Inner Regional Australia
43,Qld,Queensland - Outback,Cook,Remote Australia
44,NSW,New England and North West,Tenterfield,Outer Regional Australia
45,Vic,Bendigo,Greater Bendigo,Inner Regional Australia
46,NSW,Central Coast,Central Coast,Major Cities of Australia
47,NSW,New England and North West,Tamworth Regional,Outer Regional Australia
48,Vic,Melbourne - North East,Whittlesea,Major Cities of Australia
49,NSW,Capital Region,Hilltops,Inner Regional Australia
50,NSW,Central West,Forbes,Outer Regional Australia
51,Qld,Toowoomba,Toowoomba,Inner Regional Australia
52,NSW,Newcastle and Lake Macquarie,Lake Macquarie,Major Cities of Australia
53,Qld,Central Queensland,Livingstone,Remote Australia
54,Tas,Launceston and North East,Northern Midlands,Outer Regional Australia
55,NSW,Sydney - Blacktown,Blacktown,Major Cities of Australia
56,NSW,Far West and Orana,Dubbo Regional,Inner Regional Australia
57,NSW,Murray,Balranald,Outer Regional Australia
58,Qld,Queensland - Outback,Lockhart River,Very Remote Australia
59,Vic,Ballarat,Golden Plains,Inner Regional Australia
60,SA,Barossa - Yorke - Mid North,Light,Inner Regional Australia
61,Qld,Ipswich,Ipswich,Major Cities of Australia
62,Qld,Cairns,Cassowary Coast,Outer Regional Australia
63,SA,South Australia - Outback,Tumby Bay,Remote Australia
64,NSW,Sydney - South West,Liverpool,Major Cities of Australia
65,NSW,Sydney - Parramatta,Cumberland,Major Cities of Australia
66,NSW,Hunter Valley exc Newcastle,Muswellbrook,Inner Regional Australia
67,Qld,Moreton Bay - North,Moreton Bay,Inner Regional Australia
68,NSW,Richmond - Tweed,Ballina,Inner Regional Australia
69,NSW,Richmond - Tweed,Kyogle,Inner Regional Australia
70,Qld,Wide Bay,Bundaberg,Inner Regional Australia
71,Vic,Melbourne - Inner,Melbourne,Major Cities of Australia
72,Qld,Brisbane - South,Brisbane,Major Cities of Australia
73,NSW,Riverina,Snowy Valleys,Outer Regional Australia
74,Qld,Mackay - Isaac - Whitsunday,Whitsunday,Outer Regional Australia
75,NSW,Sydney - South West,Fairfield,Major Cities of Australia
76,NSW,Capital Region,Yass Valley,Inner Regional Australia
77,Qld,Central Queensland,Central Highlands (Qld),Remote Australia
78,NSW,Sydney - Baulkham Hills and Hawkesbury,The Hills,Major Cities of Australia
79,SA,Adelaide - North,Salisbury,Major Cities of Australia
80,NSW,Hunter Valley exc Newcastle,Port Stephens,Inner Regional Australia
81,Vic,Melbourne - North West,Macedon Ranges,Inner Regional Australia
82,Vic,Warrnambool and South West,Moyne,Inner Regional Australia
83,Vic,Melbourne - South East,Cardinia,Major Cities of Australia
84,Vic,Latrobe - Gippsland,East Gippsland,Outer Regional Australia
85,NSW,Sydney - Baulkham Hills and Hawkesbury,Hornsby,Major Cities of Australia
86,Qld,Queensland - Outback,Mareeba,Very Remote Australia
87,Qld,Central Queensland,Rockhampton,Inner Regional Australia
88,NSW,Mid North Coast,Mid-Coast,Inner Regional Australia
89,Qld,Ipswich,Ipswich,Inner Regional Australia
90,Vic,Warrnambool and South West,Glenelg,Outer Regional Australia
91,Qld,Darling Downs - Maranoa,Western Downs,Outer Regional Australia
92,SA,Adelaide - West,Port Adelaide Enfield,Major Cities of Australia
93,NSW,Central West,Cabonne,Outer Regional Australia
94,Qld,Gold Coast,Gold Coast,Major Cities of Australia
95,Vic,Mornington Peninsula,Frankston,Major Cities of Australia
96,NSW,New England and North West,Moree Plains,Outer Regional Australia
97,NSW,Sydney - Parramatta,Parramatta,Major Cities of Australia
98,Tas,Launceston and North East,Meander Valley,Outer Regional Australia
99,NSW,Capital Region,Queanbeyan-Palerang Regional,Major Cities of Australia
100,NSW,Capital Region,Snowy Monaro Regional,Outer Regional Australia
101,NSW,Murray,Federation,Outer Regional Australia
102,ACT,,,Unknown
103,Qld,Brisbane Inner City,Brisbane,Major Cities of Australia
104,NSW,Central West,Cowra,Inner Regional Australia
105,NSW,Capital Region,Goulburn Mulwaree,Inner Regional Australia
106,Qld,Wide Bay,Gympie,Inner Regional Australia
107,Qld,Moreton Bay - South,Moreton Bay,Major Cities of Australia
108,NSW,Sydney - North Sydney and Hornsby,Willoughby,Major Cities of Australia
109,NSW,Capital Region,Shoalhaven,Inner Regional Australia
110,NSW,Capital Region,Queanbeyan-Palerang Regional,Inner Regional Australia
111,Vic,Melbourne - North East,Nillumbik,Inner Regional Australia
112,NSW,Illawarra,Wollongong,Inner Regional Australia
113,Qld,Wide Bay,South Burnett,Inner Regional Australia
114,SA,South Australia - South East,Tatiara,Remote Australia
115,NSW,Richmond - Tweed,Tweed,Inner Regional Australia
116,NSW,Mid North Coast,Mid-Coast,Outer Regional Australia
117,Vic,North West,Ararat,Inner Regional Australia
118,Vic,Warrnambool and South West,Colac Otway,Inner Regional Australia
119,Qld,Queensland - Outback,McKinlay,Very Remote Australia
120,NSW,Hunter Valley exc Newcastle,Singleton,Inner Regional Australia
121,Qld,Central Queensland,Gladstone,Outer Regional Australia
122,NSW,Central West,Lithgow,Inner Regional Australia
123,NSW,Sydney - Outer South West,Campbelltown,Major Cities of Australia
124,Qld,Sunshine Coast,Sunshine Coast,Major Cities of Australia
125,NSW,Far West and Orana,Warrumbungle,Outer Regional Australia
126,Qld,Sunshine Coast,Noosa,Major Cities of Australia
127,NSW,Newcastle and Lake Macquarie,Port Stephens,Major Cities of Australia
128,Qld,Moreton Bay - North,Moreton Bay,Major Cities of Australia
129,SA,Adelaide - North,Gawler,Major Cities of Australia
130,Vic,Hume,Alpine,Inner Regional Australia
131,NSW,Central West,Cabonne,Inner Regional Australia
132,Qld,Ipswich,Brisbane,Major Cities of Australia
133,Vic,Latrobe - Gippsland,Baw Baw,Inner Regional Australia
134,Qld,Mackay - Isaac - Whitsunday,Isaac,Remote Australia
135,Qld,Darling Downs - Maranoa,Maranoa,Remote Australia
136,Vic,Warrnambool and South West,Southern Grampians,Outer Regional Australia
137,NSW,Hunter Valley exc Newcastle,Cessnock,Inner Regional Australia
138,Qld,Logan - Beaudesert,Scenic Rim,Inner Regional Australia
139,Qld,Ipswich,Somerset,Inner Regional Australia
140,Qld,Townsville,Hinchinbrook,Remote Australia
141,Qld,Mackay - Isaac - Whitsunday,Mackay,Inner Regional Australia
142,Vic,Melbourne - Inner South,Stonnington,Major Cities of Australia
143,SA,Adelaide - North,Playford,Major Cities of Australia
144,NSW,Far West and Orana,Cobar,Very Remote Australia
145,Vic,North West,Ararat,Outer Regional Australia
146,SA,Adelaide - Central and Hills,Adelaide Hills,Inner Regional Australia
147,NSW,Capital Region,Bega Valley,Outer Regional Australia
148,SA,Adelaide - North,Tea Tree Gully,Major Cities of Australia
149,NSW,Illawarra,Kiama,Inner Regional Australia
150,Vic,Warrnambool and South West,Moyne,Outer Regional Australia
151,NSW,Sydney - Outer South West,Wollondilly,Inner Regional Australia
152,Qld,Ipswich,Scenic Rim,Inner Regional Australia
153,Vic,Melbourne - South East,Casey,Major Cities of Australia
154,SA,Barossa - Yorke - Mid North,Northern Areas,Outer Regional Australia
155,Qld,Cairns,Tablelands,Outer Regional Australia
156,NSW,Sydney - City and Inner South,Sydney,Major Cities of Australia
157,Vic,Hume,Murrindindi,Inner Regional Australia
158,NSW,Murray,Albury,Inner Regional Australia
159,Vic,Melbourne - Inner East,Boroondara,Major Cities of Australia
160,Qld,Brisbane - East,Redland,Major Cities of Australia
161,SA,Adelaide - North,Playford,Inner Regional Australia
162,Vic,Latrobe - Gippsland,South Gippsland,Inner Regional Australia
163,Qld,Townsville,Hinchinbrook,Outer Regional Australia
164,Vic,Melbourne - Outer East,Yarra Ranges,Inner Regional Australia
165,Vic,Geelong,Surf Coast,Inner Regional Australia
166,SA,Adelaide - Central and Hills,Mount Barker,Inner Regional Australia
167,Qld,Brisbane - East,Brisbane,Major Cities of Australia
168,NSW,Hunter Valley exc Newcastle,Cessnock,Major Cities of Australia
169,NSW,Hunter Valley exc Newcastle,Maitland,Inner Regional Australia
170,Tas,Hobart,Hobart,Inner Regional Australia
171,SA,Adelaide - South,Mitcham,Major Cities of Australia
172,NSW,Coffs Harbour - Grafton,Clarence Valley,Inner Regional Australia
173,SA,Adelaide - Central and Hills,Adelaide,Major Cities of Australia
174,Tas,,Clarence,Inner Regional Australia
175,NSW,Richmond - Tweed,Lismore,Inner Regional Australia
176,Vic,Shepparton,Greater Shepparton,Inner Regional Australia
177,Vic,Melbourne - North West,Moreland,Major Cities of Australia
178,NSW,Riverina,Narrandera,Outer Regional Australia
179,Tas,South East,Huon Valley,Outer Regional Australia
180,Qld,Townsville,Townsville,Outer Regional Australia
181,NSW,Riverina,Griffith,Outer Regional Australia
182,Vic,Hume,Wodonga,Inner Regional Australia
183,NSW,Hunter Valley exc Newcastle,Mid-Coast,Inner Regional Australia
184,Vic,Melbourne - Inner,Darebin,Major Cities of Australia
185,Vic,Ballarat,Ballarat,Inner Regional Australia
186,NSW,Southern Highlands and Shoalhaven,Wingecarribee,Inner Regional Australia
187,Vic,Melbourne - South East,Cardinia,Inner Regional Australia
188,Vic,Melbourne - Outer East,Maroondah,Major Cities of Australia
189,NSW,Richmond - Tweed,Tweed,Major Cities of Australia
190,Qld,Wide Bay,North Burnett,Outer Regional Australia
191,NSW,New England and North West,Moree Plains,Remote Australia
192,Vic,Mornington Peninsula,Mornington Peninsula,Major Cities of Australia
193,SA,Adelaide - Central and Hills,Unley,Major Cities of Australia
194,SA,South Australia - South East,Alexandrina,Inner Regional Australia
195,Qld,Wide Bay,Gympie,Outer Regional Australia
196,Vic,Melbourne - West,Melton,Major Cities of Australia
197,Qld,Townsville,Burdekin,Outer Regional Australia
198,Vic,Melbourne - Outer East,Knox,Major Cities of Australia
199,Vic,Melbourne - North East,Whittlesea,Inner Regional Australia
200,Vic,Melbourne - South East,Monash,Major Cities of Australia
201,NSW,Far West and Orana,Unincorporated,Very Remote Australia
202,Qld,Queensland - Outback,Barcaldine,Very Remote Australia
203,Vic,Melbourne - West,Wyndham,Major Cities of Australia
204,NSW,New England and North West,Glen Innes Severn,Outer Regional Australia
205,Qld,Brisbane - West,Brisbane,Major Cities of Australia
206,NSW,Sydney - Northern Beaches,Northern Beaches,Major Cities of Australia
207,Qld,Central Queensland,Livingstone,Outer Regional Australia
208,Vic,Melbourne - Outer East,Yarra Ranges,Major Cities of Australia
209,Qld,Queensland - Outback,Cook,Very Remote Australia
210,Tas,Hobart,Clarence,Inner Regional Australia
211,NSW,Sydney - Inner South West,Georges River,Major Cities of Australia
212,NSW,Hunter Valley exc Newcastle,Maitland,Major Cities of Australia
213,NSW,Murray,Greater Hume,Inner Regional Australia
214,Vic,Melbourne - South East,Kingston (Vic.),Major Cities of Australia
215,Vic,Melbourne - Inner East,Manningham,Major Cities of Australia
216,NSW,Central West,Bathurst Regional,Inner Regional Australia
217,SA,South Australia - Outback,Wudinna,Remote Australia
218,NSW,New England and North West,Inverell,Outer Regional Australia
219,Vic,Melbourne - West,Brimbank,Major Cities of Australia
220,Vic,Melbourne - North East,Darebin,Major Cities of Australia
221,SA,Adelaide - West,Charles Sturt,Major Cities of Australia
222,Tas,Launceston and North East,Flinders (Tas.),Very Remote Australia
223,Tas,West and North West,Burnie,Outer Regional Australia
224,Vic,Geelong,Greater Geelong,Major Cities of Australia
225,SA,Adelaide - Central and Hills,Adelaide Hills,Major Cities of Australia
226,SA,Adelaide - South,Onkaparinga,Inner Regional Australia
227,Tas,Launceston and North East,Launceston,Outer Regional Australia
228,Vic,Hume,Indigo,Inner Regional Australia
229,Vic,Melbourne - Inner,Yarra,Major Cities of Australia
230,Vic,Melbourne - Inner,Port Phillip,Major Cities of Australia
231,Tas,West and North West,Waratah-Wynyard,Outer Regional Australia
232,Vic,Shepparton,Campaspe,Inner Regional Australia
233,NT,Northern Territory - Outback,Barkly,Very Remote Australia
234,NSW,Sydney - Parramatta,Blacktown,Major Cities of Australia
235,NSW,Central West,Blayney,Inner Regional Australia
236,SA,Adelaide - Central and Hills,Campbelltown (SA),Major Cities of Australia
237,Vic,Latrobe - Gippsland,Latrobe (Vic.),Inner Regional Australia
238,NT,Darwin,Palmerston,Outer Regional Australia
239,NSW,New England and North West,Gunnedah,Outer Regional Australia
240,Tas,Launceston and North East,Break O'Day,Outer Regional Australia
241,Vic,North West,Buloke,Outer Regional Australia
242,Vic,North West,West Wimmera,Outer Regional Australia
243,NSW,Sydney - North Sydney and Hornsby,Ku-ring-gai,Major Cities of Australia
244,Vic,Melbourne - South East,Casey,Inner Regional Australia
245,NSW,Southern Highlands and Shoalhaven,Shoalhaven,Inner Regional Australia
246,Vic,Warrnambool and South West,Warrnambool,Inner Regional Australia
247,NSW,Murray,Berrigan,Inner Regional Australia
248,NSW,Far West and Orana,Warren,Remote Australia
249,NT,Northern Territory - Outback,Victoria Daly,Very Remote Australia
250,Vic,Shepparton,Moira,Inner Regional Australia
251,Qld,Brisbane - North,Brisbane,Major Cities of Australia
252,SA,South Australia - South East,Berri Barmera,Outer Regional Australia
253,Vic,Melbourne - Inner,Moonee Valley,Major Cities of Australia
254,NT,Darwin,Litchfield,Outer Regional Australia
255,Vic,Melbourne - South East,Greater Dandenong,Major Cities of Australia
256,Vic,Geelong,Golden Plains,Inner Regional Australia
257,Qld,Darling Downs - Maranoa,Toowoomba,Outer Regional Australia
258,Vic,Melbourne - North West,Moonee Valley,Major Cities of Australia
259,SA,Adelaide - South,Onkaparinga,Major Cities of Australia
260,NSW,Sydney - Inner West,Inner West,Major Cities of Australia
261,SA,South Australia - Outback,Whyalla,Outer Regional Australia
262,Qld,Central Queensland,Rockhampton,Outer Regional Australia
263,SA,South Australia - Outback,Unincorporated SA,Remote Australia
264,Qld,Central Queensland,Gladstone,Inner Regional Australia
265,Qld,Sunshine Coast,Noosa,Inner Regional Australia
266,Qld,Queensland - Outback,Mount Isa,Remote Australia
267,Vic,Melbourne - Inner South,Kingston (Vic.),Major Cities of Australia
268,Qld,Darling Downs - Maranoa,Toowoomba,Inner Regional Australia
269,Vic,Melbourne - West,Maribyrnong,Major Cities of Australia
270,SA,Adelaide - South,Marion,Major Cities of Australia
271,Qld,Gold Coast,Gold Coast,Inner Regional Australia
272,Vic,North West,Mildura,Outer Regional Australia
273,NSW,Sydney - North Sydney and Hornsby,Hornsby,Inner Regional Australia
274,Vic,Hume,Mansfield,Outer Regional Australia
275,Qld,Townsville,Charters Towers,Very Remote Australia
276,NSW,Richmond - Tweed,Richmond Valley,Inner Regional Australia
277,NSW,Sydney - Sutherland,Sutherland,Inner Regional Australia
278,NSW,Central West,Mid-Western Regional,Inner Regional Australia
279,Vic,Melbourne - North West,Hume,Major Cities of Australia
280,NSW,Newcastle and Lake Macquarie,Newcastle,Major Cities of Australia
281,Tas,Launceston and North East,West Tamar,Inner Regional Australia
282,Vic,Melbourne - Inner South,Glen Eira,Major Cities of Australia
283,Qld,Sunshine Coast,Sunshine Coast,Inner Regional Australia
284,Vic,Melbourne - North East,Nillumbik,Major Cities of Australia
285,Vic,North West,Yarriambiack,Remote Australia
286,Vic,Ballarat,Pyrenees,Inner Regional Australia
287,NSW,Far West and Orana,Unincorporated,Remote Australia
288,NSW,Sydney - Inner South West,Strathfield,Major Cities of Australia
289,NSW,Sydney - Inner South West,Bayside,Major Cities of Australia
290,NSW,Coffs Harbour - Grafton,Coffs Harbour,Inner Regional Australia
291,NSW,Newcastle and Lake Macquarie,Lake Macquarie,Inner Regional Australia
292,Qld,Wide Bay,Bundaberg,Outer Regional Australia
293,SA,South Australia - South East,Mid Murray,Inner Regional Australia
294,SA,South Australia - South East,Murray Bridge,Inner Regional Australia
295,NSW,Murray,Murray River,Outer Regional Australia
296,NSW,Sydney - Outer South West,Camden,Major Cities of Australia
297,Tas,Hobart,Glenorchy,Inner Regional Australia
298,NSW,Sydney - North Sydney and Hornsby,Hornsby,Major Cities of Australia
299,NSW,Sydney - Eastern Suburbs,Randwick,Major Cities of Australia
300,NSW,Sydney - Inner West,Strathfield,Major Cities of Australia
301,NSW,Sydney - Ryde,Hunters Hill,Major Cities of Australia
302,Vic,Hume,Wangaratta,Inner Regional Australia
303,NSW,Central West,Parkes,Outer Regional Australia
304,NSW,Far West and Orana,Dubbo Regional,Outer Regional Australia
305,NSW,Richmond - Tweed,Byron,Inner Regional Australia
306,NSW,Far West and Orana,Cabonne,Outer Regional Australia
307,ACT,Australian Capital Territory,Unincorporated ACT,Inner Regional Australia
308,Vic,Ballarat,Moorabool,Inner Regional Australia
309,Qld,Mackay - Isaac - Whitsunday,Isaac,Outer Regional Australia
310,Vic,Hume,Benalla,Inner Regional Australia
311,NSW,Coffs Harbour - Grafton,Bellingen,Inner Regional Australia
312,Vic,Latrobe - Gippsland,Wellington,Inner Regional Australia
313,NSW,Central Coast,Central Coast,Inner Regional Australia
314,NSW,Murray,Edward River,Outer Regional Australia
315,SA,South Australia - South East,Coorong,Outer Regional Australia
316,Tas,Launceston and North East,George Town,Outer Regional Australia
317,NSW,Sydney - Ryde,Ryde,Major Cities of Australia
318,Vic,Latrobe - Gippsland,Bass Coast,Inner Regional Australia
319,Qld,Queensland - Outback,Richmond,Very Remote Australia
320,Vic,Hume,Strathbogie,Inner Regional Australia
321,NSW,Murray,Hay,Remote Australia
322,NSW,Central West,Weddin,Outer Regional Australia
323,Vic,Melbourne - West,Moorabool,Inner Regional Australia
324,Vic,Shepparton,Moira,Outer Regional Australia
325,NSW,Central West,Lachlan,Outer Regional Australia
326,NSW,Sydney - Eastern Suburbs,Waverley,Major Cities of Australia
327,Vic,North West,Northern Grampians,Outer Regional Australia
328,Qld,Townsville,Charters Towers,Outer Regional Australia
329,Qld,Cairns,Mareeba,Outer Regional Australia
330,Vic,North West,Horsham,Outer Regional Australia
331,SA,Adelaide - North,Adelaide Plains,Inner Regional Australia
332,Vic,Melbourne - Inner,Stonnington,Major Cities of Australia
333,SA,Barossa - Yorke - Mid North,Mount Remarkable,Outer Regional Australia
334,NSW,Far West and Orana,Gilgandra,Outer Regional Australia
335,SA,Barossa - Yorke - Mid North,Adelaide Plains,Inner Regional Australia
336,Qld,Darling Downs - Maranoa,Goondiwindi,Outer Regional Australia
337,Vic,Melbourne - North East,Mitchell,Inner Regional Australia
338,Qld,Cairns,Cassowary Coast,Remote Australia
339,SA,Barossa - Yorke - Mid North,Clare and Gilbert Valleys,Outer Regional Australia
340,Qld,Moreton Bay - South,Moreton Bay,Inner Regional Australia
341,SA,Adelaide - West,West Torrens,Major Cities of Australia
342,Vic,North West,Yarriambiack,Outer Regional Australia
343,Vic,Hume,Alpine,Outer Regional Australia
344,NSW,Riverina,Snowy Valleys,Inner Regional Australia
345,Vic,Melbourne - Outer East,Whitehorse,Major Cities of Australia
346,Qld,Queensland - Outback,Cloncurry,Very Remote Australia
347,NSW,Sydney - Baulkham Hills and Hawkesbury,Hawkesbury,Outer Regional Australia
348,Qld,Darling Downs - Maranoa,Western Downs,Remote Australia
349,NSW,Sydney - South West,Penrith,Major Cities of Australia
350,Qld,Brisbane - East,Redland,Outer Regional Australia
351,NSW,Sydney - Baulkham Hills and Hawkesbury,Hawkesbury,Major Cities of Australia
352,Tas,Hobart,Sorell,Inner Regional Australia
353,Vic,Hume,Towong,Outer Regional Australia
354,SA,South Australia - South East,Grant,Outer Regional Australia
355,Vic,Ballarat,Hepburn,Inner Regional Australia
356,Qld,Central Queensland,Central Highlands (Qld),Outer Regional Australia
357,Qld,Townsville,Charters Towers,Remote Australia
358,NSW,Central West,Blayney,Outer Regional Australia
359,NSW,Capital Region,Hilltops,Outer Regional Australia
360,Qld,Ipswich,Lockyer Valley,Inner Regional Australia
361,WA,,,Major Cities of Australia
362,Tas,West and North West,Circular Head,Remote Australia
363,Vic,North West,Swan Hill,Outer Regional Australia
364,NSW,Riverina,Murrumbidgee,Outer Regional Australia
365,WA,,,Inner Regional Australia
366,WA,,,Outer Regional Australia
367,NSW,Capital Region,Upper Lachlan,Outer Regional Australia
368,NSW,Central West,Orange,Inner Regional Australia
369,Tas,Launceston and North East,Launceston,Inner Regional Australia
370,NSW,Central West,Cowra,Outer Regional Australia
371,SA,Adelaide - Central and Hills,Walkerville,Major Cities of Australia
372,NSW,Sydney - City and Inner South,Bayside,Major Cities of Australia
373,NSW,Illawarra,Sutherland,Inner Regional Australia
374,Vic,Melbourne - Inner East,Whitehorse,Major Cities of Australia
375,WA,,,Remote Australia
376,NSW,Murray,Wentworth,Remote Australia
377,Tas,South East,Tasman,Outer Regional Australia
378,Tas,West and North West,Latrobe (Tas.),Outer Regional Australia
379,SA,South Australia - Outback,Port Augusta,Outer Regional Australia
380,Vic,Hume,Benalla,Outer Regional Australia
381,NSW,New England and North West,Liverpool Plains,Outer Regional Australia
382,Vic,Mornington Peninsula,Mornington Peninsula,Inner Regional Australia
383,Qld,Central Queensland,Banana,Outer Regional Australia
384,WA,,,Very Remote Australia
385,SA,Adelaide - Central and Hills,Mount Barker,Major Cities of Australia
386,NSW,Sydney - City and Inner South,Inner West,Major Cities of Australia
387,Vic,Bendigo,Loddon,Outer Regional Australia
388,NSW,Capital Region,Eurobodalla,Inner Regional Australia
389,NSW,Sydney - Sutherland,Sutherland,Major Cities of Australia
390,NT,Northern Territory - Outback,Roper Gulf,Very Remote Australia
391,SA,Barossa - Yorke - Mid North,Barunga West,Outer Regional Australia
392,NSW,New England and North West,Tamworth Regional,Inner Regional Australia
393,Tas,West and North West,West Coast,Remote Australia
394,SA,South Australia - South East,Tatiara,Outer Regional Australia
395,NSW,Capital Region,Snowy Monaro Regional,Inner Regional Australia
396,Qld,Queensland - Outback,Etheridge,Very Remote Australia
397,NSW,Central West,Bland,Outer Regional Australia
398,NSW,Central West,Oberon,Outer Regional Australia
399,Qld,Darling Downs - Maranoa,Maranoa,Outer Regional Australia
400,Vic,Latrobe - Gippsland,East Gippsland,Remote Australia
401,Vic,Warrnambool and South West,Corangamite,Inner Regional Australia
402,SA,Barossa - Yorke - Mid North,Yorke Peninsula,Outer Regional Australia
403,Tas,Hobart,Derwent Valley,Inner Regional Australia
404,NSW,Sydney - Ryde,Hornsby,Major Cities of Australia
405,SA,Barossa - Yorke - Mid North,Port Pirie,Outer Regional Australia
406,NSW,Hunter Valley exc Newcastle,Muswellbrook,Outer Regional Australia
407,Tas,West and North West,Circular Head,Outer Regional Australia
408,Tas,West and North West,Devonport,Outer Regional Australia
409,Qld,Queensland - Outback,Flinders (Qld),Very Remote Australia
410,NSW,Sydney - Inner West,Burwood,Major Cities of Australia
411,NT,Northern Territory - Outback,Alice Springs,Remote Australia
412,NSW,Mid North Coast,Nambucca Valley,Outer Regional Australia
413,Qld,Moreton Bay - North,Somerset,Outer Regional Australia
414,NSW,Central West,Lachlan,Remote Australia
415,NSW,New England and North West,Gwydir,Outer Regional Australia
416,SA,Adelaide - North,Port Adelaide Enfield,Major Cities of Australia
417,Vic,Bendigo,Macedon Ranges,Inner Regional Australia
418,Vic,Melbourne - North East,Banyule,Major Cities of Australia
419,NSW,Central West,Lithgow,Outer Regional Australia
420,NSW,Murray,Federation,Inner Regional Australia
421,NSW,Riverina,Wagga Wagga,Outer Regional Australia
422,NSW,Far West and Orana,Coonamble,Remote Australia
423,NSW,Mid North Coast,Kempsey,Inner Regional Australia
424,NSW,Riverina,Carrathool,Outer Regional Australia
425,Qld,Queensland - Outback,Barcoo,Very Remote Australia
426,Qld,Queensland - Outback,Mareeba,Outer Regional Australia
427,Vic,Melbourne - West,Hobsons Bay,Major Cities of Australia
428,NSW,Riverina,Temora,Outer Regional Australia
429,SA,South Australia - South East,Karoonda East Murray,Outer Regional Australia
430,Qld,Central Queensland,Livingstone,Inner Regional Australia
431,Vic,Latrobe - Gippsland,Unincorporated Vic,Outer Regional Australia
432,Vic,North West,Gannawarra,Outer Regional Australia
433,NSW,Sydney - Outer West and Blue Mountains,Blue Mountains,Inner Regional Australia
434,SA,South Australia - Outback,Ceduna,Very Remote Australia
435,NSW,Sydney - Ryde,Parramatta,Major Cities of Australia
436,Qld,Mackay - Isaac - Whitsunday,Whitsunday,Remote Australia
437,NSW,Illawarra,Shellharbour,Inner Regional Australia
438,NT,Darwin,Darwin,Outer Regional Australia
439,Vic,Latrobe - Gippsland,Baw Baw,Outer Regional Australia
440,NT,Northern Territory - Outback,Central Desert,Very Remote Australia
441,NSW,Sydney - Outer South West,Sutherland,Inner Regional Australia
442,NSW,Mid North Coast,Kempsey,Outer Regional Australia
443,Qld,Queensland - Outback,Carpentaria,Very Remote Australia
444,Vic,Unknown,Unknown,Unknown
445,SA,South Australia - Outback,Wudinna,Very Remote Australia
446,Qld,Queensland - Outback,Murweh,Very Remote Australia
447,NSW,Capital Region,Eurobodalla,Outer Regional Australia
448,SA,South Australia - South East,Renmark Paringa,Outer Regional Australia
449,SA,South Australia - South East,Loxton Waikerie,Outer Regional Australia
450,Tas,West and North West,Central Coast (Tas.),Outer Regional Australia
451,NSW,Murray,Berrigan,Outer Regional Australia
452,SA,Adelaide - Central and Hills,Norwood Payneham and St Peters,Major Cities of Australia
453,Tas,Hobart,Sorell,Outer Regional Australia
454,NSW,Coffs Harbour - Grafton,Clarence Valley,Outer Regional Australia
455,NSW,Capital Region,Yass Valley,Major Cities of Australia
456,NT,Northern Territory - Outback,MacDonnell,Very Remote Australia
457,NSW,Riverina,Leeton,Outer Regional Australia
458,NSW,Murray,Balranald,Remote Australia
459,Qld,Gold Coast,Scenic Rim,Inner Regional Australia
460,NSW,Mid North Coast,Port Macquarie-Hastings,Outer Regional Australia
461,Tas,South East,Kingborough,Outer Regional Australia
462,Vic,Melbourne - Inner,Moreland,Major Cities of Australia
463,SA,Barossa - Yorke - Mid North,Copper Coast,Outer Regional Australia
464,NSW,Riverina,Lockhart,Inner Regional Australia
465,SA,South Australia - South East,Naracoorte Lucindale,Outer Regional Australia
466,SA,South Australia - South East,Southern Mallee,Remote Australia
467,NSW,New England and North West,Glen Innes Severn,Inner Regional Australia
468,NSW,Sydney - Baulkham Hills and Hawkesbury,Hornsby,Inner Regional Australia
469,Tas,West and North West,Kentish,Outer Regional Australia
470,SA,Barossa - Yorke - Mid North,Goyder,Inner Regional Australia
471,Vic,Melbourne - North West,Brimbank,Major Cities of Australia
472,SA,South Australia - Outback,Flinders Ranges,Outer Regional Australia
473,ACT,Unknown,Unknown,Unknown
474,Vic,Geelong,Greater Geelong,Inner Regional Australia
475,Vic,Bendigo,Loddon,Inner Regional Australia
476,Vic,Latrobe - Gippsland,Wellington,Outer Regional Australia
477,NSW,Riverina,Junee,Inner Regional Australia
478,SA,South Australia - South East,Victor Harbor,Inner Regional Australia
479,SA,Adelaide - Central and Hills,Burnside,Major Cities of Australia
480,NT,Northern Territory - Outback,Coomalie,Remote Australia
481,Vic,Melbourne - Outer East,Manningham,Major Cities of Australia
482,Vic,Warrnambool and South West,Corangamite,Outer Regional Australia
483,SA,Barossa - Yorke - Mid North,Wakefield,Inner Regional Australia
484,WA,Unknown,Unknown,Inner Regional Australia
485,WA,Unknown,Unknown,Outer Regional Australia
486,WA,Unknown,Unknown,Major Cities of Australia
487,WA,Unknown,Unknown,Very Remote Australia
488,NSW,Sydney - North Sydney and Hornsby,Mosman,Major Cities of Australia
489,Tas,South East,Glamorgan-Spring Bay,Outer Regional Australia
490,NSW,Sydney - Outer West and Blue Mountains,Hawkesbury,Major Cities of Australia
491,NSW,Sydney - Outer West and Blue Mountains,Penrith,Inner Regional Australia
492,WA,Unknown,Unknown,Remote Australia
493,Vic,Melbourne - North East,Murrindindi,Inner Regional Australia
494,Tas,South East,Southern Midlands,Outer Regional Australia
495,Qld,Logan - Beaudesert,Scenic Rim,Outer Regional Australia
496,Vic,Bendigo,Mount Alexander,Inner Regional Australia
497,NSW,Sydney - North Sydney and Hornsby,North Sydney,Major Cities of Australia
498,Qld,Darling Downs - Maranoa,Western Downs,Inner Regional Australia
499,NSW,Sydney - Eastern Suburbs,Woollahra,Major Cities of Australia
500,SA,Adelaide - Central and Hills,Prospect,Major Cities of Australia
501,WA,Unknown,Unknown,Unknown
502,NT,Unknown,Unknown,Unknown
503,NT,Northern Territory - Outback,Katherine,Remote Australia
504,Qld,Queensland - Outback,Mareeba,Remote Australia
505,Vic,North West,Mildura,Remote Australia
506,Qld,Queensland - Outback,Northern Peninsula Area,Very Remote Australia
507,Vic,Melbourne - North East,Mitchell,Major Cities of Australia
508,NSW,Sydney - Outer South West,Wingecarribee,Inner Regional Australia
509,NSW,Richmond - Tweed,Kyogle,Outer Regional Australia
510,NSW,Hunter Valley exc Newcastle,Port Stephens,Major Cities of Australia
511,NT,Darwin,Unincorporated NT,Outer Regional Australia
512,SA,Barossa - Yorke - Mid North,Orroroo Carrieton,Outer Regional Australia
513,Vic,Ballarat,Central Goldfields,Inner Regional Australia
514,NT,Northern Territory - Outback,Unincorporated NT,Remote Australia
515,NSW,Far West and Orana,Central Darling,Very Remote Australia
516,Qld,Darling Downs - Maranoa,Balonne,Remote Australia
517,Tas,Hobart,Kingborough,Inner Regional Australia
518,Qld,Darling Downs - Maranoa,Maranoa,Very Remote Australia
519,NSW,Far West and Orana,Walgett,Remote Australia
520,NSW,Riverina,Coolamon,Outer Regional Australia
521,Qld,Queensland - Outback,Bulloo,Very Remote Australia
522,NSW,Coffs Harbour - Grafton,Bellingen,Outer Regional Australia
523,NSW,Sydney - North Sydney and Hornsby,Lane Cove,Major Cities of Australia
524,NSW,New England and North West,Walcha,Outer Regional Australia
525,Vic,North West,Northern Grampians,Inner Regional Australia
526,NSW,Far West and Orana,Bogan,Very Remote Australia
527,NSW,Sydney - Baulkham Hills and Hawkesbury,The Hills,Inner Regional Australia
528,Vic,Latrobe - Gippsland,South Gippsland,Outer Regional Australia
529,NSW,Illawarra,Wollondilly,Inner Regional Australia
530,SA,South Australia - Outback,Cleve,Remote Australia
531,NT,Northern Territory - Outback,West Arnhem,Remote Australia
532,NSW,Murray,Wentworth,Outer Regional Australia
533,NSW,Sydney - Parramatta,Canterbury-Bankstown,Major Cities of Australia
534,Tas,West and North West,King Island,Very Remote Australia
535,SA,South Australia - South East,Kangaroo Island,Remote Australia
536,Tas,Launceston and North East,Meander Valley,Inner Regional Australia
537,NSW,New England and North West,Uralla,Inner Regional Australia
538,SA,Adelaide - South,Holdfast Bay,Major Cities of Australia
539,Qld,Cairns,Douglas,Remote Australia
540,NSW,Riverina,Carrathool,Remote Australia
541,NSW,Far West and Orana,Bogan,Remote Australia
542,NSW,Far West and Orana,Brewarrina,Very Remote Australia
543,NSW,Sydney - Outer West and Blue Mountains,Wollondilly,Inner Regional Australia
544,NT,Northern Territory - Outback,East Arnhem,Very Remote Australia
545,SA,South Australia - Outback,Port Lincoln,Remote Australia
546,SA,Adelaide - North,Light,Inner Regional Australia
547,NSW,Sydney - South West,Camden,Major Cities of Australia
548,NSW,Capital Region,Queanbeyan-Palerang Regional,Outer Regional Australia
549,Qld,Queensland - Outback,Longreach,Very Remote Australia
550,NSW,Newcastle and Lake Macquarie,Maitland,Major Cities of Australia
551,Vic,Warrnambool and South West,Colac Otway,Outer Regional Australia
552,SA,South Australia - Outback,Lower Eyre Peninsula,Remote Australia
553,NT,Northern Territory - Outback,MacDonnell,Remote Australia
554,WA,Western Australia - Wheat Belt,Dandaragan,Outer Regional Australia
555,WA,Western Australia - Wheat Belt,York,Inner Regional Australia
556,WA,Perth - South West,Rockingham,Major Cities of Australia
557,WA,Western Australia - Wheat Belt,Plantagenet,Outer Regional Australia
558,WA,Perth - South West,Kwinana,Major Cities of Australia
559,WA,Mandurah,Murray,Inner Regional Australia
560,WA,Western Australia - Wheat Belt,Dumbleyung,Remote Australia
561,WA,Western Australia - Outback (North),Port Hedland,Remote Australia
562,NSW,Riverina,Coolamon,Inner Regional Australia
563,WA,Perth - North West,Stirling,Major Cities of Australia
564,SA,South Australia - South East,Robe,Outer Regional Australia
565,WA,Perth - Inner,Cambridge,Major Cities of Australia
566,WA,Perth - North East,Swan,Major Cities of Australia
567,WA,Perth - North West,Wanneroo,Major Cities of Australia
568,Qld,Moreton Bay - North,Somerset,Inner Regional Australia
569,WA,Perth - South East,Canning,Major Cities of Australia
570,NSW,Richmond - Tweed,Richmond Valley,Outer Regional Australia
571,WA,Perth - South East,Gosnells,Major Cities of Australia
572,NSW,Sydney - Ryde,The Hills,Major Cities of Australia
573,WA,Perth - South East,Serpentine-Jarrahdale,Major Cities of Australia
574,WA,Mandurah,Mandurah,Major Cities of Australia
575,SA,South Australia - South East,Southern Mallee,Outer Regional Australia
576,WA,Western Australia - Wheat Belt,Woodanilling,Outer Regional Australia
577,NSW,Central West,Warrumbungle,Outer Regional Australia
578,WA,Western Australia - Wheat Belt,Dowerin,Outer Regional Australia
579,WA,Western Australia - Outback (South),Kalgoorlie-Boulder,Outer Regional Australia
580,WA,Western Australia - Outback (South),Greater Geraldton,Outer Regional Australia
581,WA,Bunbury,Harvey,Inner Regional Australia
582,WA,Perth - South East,Serpentine-Jarrahdale,Inner Regional Australia
583,WA,Perth - North East,Bayswater,Major Cities of Australia
584,Qld,Queensland - Outback,Doomadgee,Very Remote Australia
585,Qld,Queensland - Outback,Croydon,Very Remote Australia
586,NT,Northern Territory - Outback,West Arnhem,Very Remote Australia
587,WA,Western Australia - Wheat Belt,Albany,Outer Regional Australia
588,Tas,South East,Central Highlands (Tas.),Outer Regional Australia
589,NSW,Riverina,Lockhart,Outer Regional Australia
590,WA,Western Australia - Wheat Belt,Chittering,Inner Regional Australia
591,WA,Western Australia - Outback (South),Perenjori,Remote Australia
592,WA,Western Australia - Outback (South),Mount Magnet,Very Remote Australia
593,WA,Bunbury,Donnybrook-Balingup,Inner Regional Australia
594,NSW,Far West and Orana,Cobar,Remote Australia
595,Qld,Queensland - Outback,Hope Vale,Remote Australia
596,WA,Bunbury,Augusta Margaret River,Outer Regional Australia
597,WA,Perth - Inner,Vincent,Major Cities of Australia
598,WA,Western Australia - Wheat Belt,Wickepin,Outer Regional Australia
599,SA,Barossa - Yorke - Mid North,Clare and Gilbert Valleys,Inner Regional Australia
600,Vic,Hume,Wangaratta,Outer Regional Australia
601,Vic,Melbourne - North West,Melton,Major Cities of Australia
602,WA,Perth - South West,Cockburn,Major Cities of Australia
603,WA,Western Australia - Outback (South),Kalgoorlie-Boulder,Very Remote Australia
604,WA,Perth - South East,Victoria Park,Major Cities of Australia
605,WA,Perth - South East,Armadale,Major Cities of Australia
606,WA,Bunbury,Bunbury,Inner Regional Australia
607,WA,Perth - South East,Kalamunda,Major Cities of Australia
608,WA,Western Australia - Wheat Belt,Gingin,Inner Regional Australia
609,WA,Western Australia - Wheat Belt,Moora,Remote Australia
610,WA,Perth - Inner,Perth,Major Cities of Australia
611,WA,Bunbury,Busselton,Inner Regional Australia
612,WA,Western Australia - Wheat Belt,Williams,Outer Regional Australia
613,WA,Bunbury,Augusta Margaret River,Inner Regional Australia
614,Tas,South East,Derwent Valley,Outer Regional Australia
615,Qld,Queensland - Outback,Quilpie,Very Remote Australia
616,WA,Western Australia - Wheat Belt,Kojonup,Outer Regional Australia
617,WA,Western Australia - Wheat Belt,Mount Marshall,Remote Australia
618,SA,South Australia - South East,Kingston (SA),Outer Regional Australia
619,WA,Western Australia - Outback (North),Karratha,Remote Australia
620,SA,South Australia - Outback,Elliston,Very Remote Australia
621,WA,Western Australia - Outback (South),Coolgardie,Very Remote Australia
622,WA,Western Australia - Outback (North),Port Hedland,Very Remote Australia
623,Qld,Cairns,Tablelands,Remote Australia
624,Vic,Melbourne - Inner South,Monash,Major Cities of Australia
625,WA,Western Australia - Outback (North),Derby-West Kimberley,Very Remote Australia
626,WA,Perth - North East,Mundaring,Inner Regional Australia
627,SA,Adelaide - North,Light,Major Cities of Australia
628,WA,Perth - South East,Belmont,Major Cities of Australia
629,WA,Western Australia - Wheat Belt,Nungarin,Remote Australia
630,Vic,Melbourne - Inner South,Bayside (Vic.),Major Cities of Australia
631,WA,Western Australia - Wheat Belt,Northam,Inner Regional Australia
632,WA,Perth - South West,Melville,Major Cities of Australia
633,WA,Perth - North East,Bassendean,Major Cities of Australia
634,WA,Western Australia - Wheat Belt,Yilgarn,Remote Australia
635,WA,Western Australia - Outback (North),Broome,Very Remote Australia
636,WA,Western Australia - Outback (South),Chapman Valley,Remote Australia
637,NSW,New England and North West,Uralla,Outer Regional Australia
638,WA,Western Australia - Wheat Belt,Broomehill-Tambellup,Outer Regional Australia
639,WA,Western Australia - Outback (South),Meekatharra,Very Remote Australia
640,WA,Western Australia - Outback (South),Esperance,Remote Australia
641,Qld,Moreton Bay - North,Sunshine Coast,Inner Regional Australia
642,WA,Bunbury,Capel,Inner Regional Australia
643,WA,Western Australia - Outback (South),Dundas,Very Remote Australia
644,NSW,Riverina,Federation,Outer Regional Australia
645,Vic,Hume,Towong,Inner Regional Australia
646,WA,Western Australia - Wheat Belt,Lake Grace,Very Remote Australia
647,WA,Bunbury,Dardanup,Inner Regional Australia
648,WA,Western Australia - Wheat Belt,Kondinin,Very Remote Australia
649,WA,Western Australia - Wheat Belt,Kent,Remote Australia
650,NSW,Sydney - Inner West,Canada Bay,Major Cities of Australia
651,WA,Western Australia - Wheat Belt,Wagin,Outer Regional Australia
652,WA,Bunbury,Manjimup,Outer Regional Australia
653,NSW,Sydney - Parramatta,Fairfield,Major Cities of Australia
654,WA,Mandurah,Murray,Major Cities of Australia
655,WA,Western Australia - Wheat Belt,Denmark,Outer Regional Australia
656,NSW,Hunter Valley exc Newcastle,Singleton,Outer Regional Australia
657,Qld,Central Queensland,Banana,Remote Australia
658,WA,Western Australia - Wheat Belt,Boddington,Inner Regional Australia
659,WA,Western Australia - Wheat Belt,Bruce Rock,Remote Australia
660,WA,Perth - North East,Swan,Inner Regional Australia
661,WA,Western Australia - Wheat Belt,Kulin,Remote Australia
662,WA,Western Australia - Wheat Belt,Cuballing,Outer Regional Australia
663,NSW,Hunter Valley exc Newcastle,Dungog,Outer Regional Australia
664,WA,Western Australia - Outback (South),Carnarvon,Very Remote Australia
665,Vic,North West,Hindmarsh,Outer Regional Australia
666,WA,Western Australia - Outback (North),Wyndham-East Kimberley,Very Remote Australia
667,WA,Western Australia - Wheat Belt,Beverley,Outer Regional Australia
668,WA,Western Australia - Outback (South),Ravensthorpe,Very Remote Australia
669,WA,Perth - North West,Joondalup,Major Cities of Australia
670,Qld,Queensland - Outback,Mount Isa,Very Remote Australia
671,Vic,Melbourne - West,Moorabool,Major Cities of Australia
672,SA,South Australia - Outback,Coober Pedy,Very Remote Australia
673,Qld,Central Queensland,Central Highlands (Qld),Very Remote Australia
674,WA,Western Australia - Wheat Belt,Dalwallinu,Remote Australia
675,WA,Western Australia - Wheat Belt,Gnowangerup,Remote Australia
676,NSW,Riverina,Junee,Outer Regional Australia
677,Vic,Ballarat,Loddon,Inner Regional Australia
678,Tas,Unknown,Unknown,Unknown
679,NSW,Capital Region,Goulburn Mulwaree,Outer Regional Australia
680,SA,Barossa - Yorke - Mid North,Goyder,Outer Regional Australia
681,WA,Western Australia - Wheat Belt,Wongan-Ballidu,Remote Australia
682,WA,Bunbury,Collie,Inner Regional Australia
683,WA,Perth - South East,Armadale,Inner Regional Australia
684,NSW,Riverina,Cootamundra-Gundagai,Outer Regional Australia
685,WA,Perth - North West,Wanneroo,Inner Regional Australia
686,WA,Western Australia - Outback (North),East Pilbara,Very Remote Australia
687,WA,Western Australia - Outback (South),Menzies,Very Remote Australia
688,WA,Western Australia - Outback (North),Halls Creek,Very Remote Australia
689,WA,Western Australia - Outback (South),Irwin,Outer Regional Australia
690,NSW,Far West and Orana,Walgett,Very Remote Australia
691,Qld,Cairns,Yarrabah,Outer Regional Australia
692,WA,Western Australia - Wheat Belt,Pingelly,Outer Regional Australia
693,NSW,New England and North West,Narrabri,Remote Australia
694,WA,Western Australia - Outback (North),Broome,Remote Australia
695,WA,Western Australia - Wheat Belt,Kondinin,Remote Australia
696,WA,Western Australia - Outback (South),Cue,Very Remote Australia
697,NSW,Murray,Hay,Outer Regional Australia
698,NSW,Sydney - Outer South West,Wollondilly,Major Cities of Australia
699,Qld,Wide Bay,Fraser Coast,Remote Australia
700,WA,Western Australia - Wheat Belt,Quairading,Outer Regional Australia
701,NSW,Sydney - City and Inner South,Randwick,Major Cities of Australia
702,WA,Perth - North East,Mundaring,Major Cities of Australia
703,Qld,Queensland - Outback,Mornington,Very Remote Australia
704,WA,Western Australia - Wheat Belt,Wandering,Outer Regional Australia
705,WA,Bunbury,Nannup,Outer Regional Australia
706,NSW,Far West and Orana,Broken Hill,Outer Regional Australia
707,WA,Western Australia - Outback (South),Ngaanyatjarraku,Very Remote Australia
708,Qld,Brisbane - West,Brisbane,Inner Regional Australia
709,WA,Western Australia - Wheat Belt,Corrigin,Remote Australia
710,SA,South Australia - Outback,Anangu Pitjantjatjara Yunkunytjatjara,Very Remote Australia
711,WA,Perth - South West,Fremantle,Major Cities of Australia
712,WA,Western Australia - Wheat Belt,Toodyay,Inner Regional Australia
713,SA,South Australia - Outback,Streaky Bay,Very Remote Australia
714,Vic,Warrnambool and South West,Southern Grampians,Inner Regional Australia
715,WA,Western Australia - Wheat Belt,Victoria Plains,Outer Regional Australia
716,WA,Western Australia - Outback (South),Northampton,Remote Australia
717,WA,Bunbury,Bridgetown-Greenbushes,Outer Regional Australia
718,SA,South Australia - Outback,Kimba,Remote Australia
719,WA,Western Australia - Wheat Belt,Katanning,Outer Regional Australia
720,WA,Western Australia - Wheat Belt,Jerramungup,Remote Australia
721,WA,Western Australia - Outback (South),Carnamah,Remote Australia
722,NSW,Mid North Coast,Nambucca,Inner Regional Australia
723,WA,Western Australia - Outback (North),Ashburton,Very Remote Australia
724,WA,Western Australia - Wheat Belt,West Arthur,Outer Regional Australia
725,NSW,Riverina,Cootamundra-Gundagai,Inner Regional Australia
726,SA,South Australia - South East,Mount Gambier,Outer Regional Australia
727,WA,Perth - South East,South Perth,Major Cities of Australia
728,WA,Western Australia - Wheat Belt,Brookton,Outer Regional Australia
729,Qld,Queensland - Outback,Burke,Very Remote Australia
730,WA,Perth - Inner,Nedlands,Major Cities of Australia
731,WA,Western Australia - Wheat Belt,Gingin,Outer Regional Australia
732,WA,Perth - Inner,Stirling,Major Cities of Australia
733,SA,South Australia - Outback,Franklin Harbour,Remote Australia
734,NSW,Sydney - Northern Beaches,Northern Beaches,Inner Regional Australia
735,SA,South Australia - South East,Coorong,Inner Regional Australia
736,WA,Bunbury,Waroona,Inner Regional Australia
737,WA,Western Australia - Wheat Belt,Cunderdin,Outer Regional Australia
738,WA,Western Australia - Outback (South),Greater Geraldton,Remote Australia
739,WA,Western Australia - Wheat Belt,Lake Grace,Remote Australia
740,NSW,Illawarra,Kiama,Major Cities of Australia
741,NSW,Central West,Oberon,Inner Regional Australia
742,WA,Western Australia - Wheat Belt,Cranbrook,Outer Regional Australia
743,Tas,Launceston and North East,Break O'Day,Remote Australia
744,NT,Northern Territory - Outback,Victoria Daly,Remote Australia
745,NSW,Murray,Murrumbidgee,Outer Regional Australia
746,NSW,Sydney - Eastern Suburbs,Sydney,Major Cities of Australia
747,WA,Western Australia - Outback (South),Chapman Valley,Outer Regional Australia
748,SA,South Australia - South East,Kingston (SA),Remote Australia
749,WA,Mandurah,Mandurah,Inner Regional Australia
750,WA,Perth - South East,Kalamunda,Inner Regional Australia
751,WA,Western Australia - Wheat Belt,Kellerberrin,Outer Regional Australia
752,WA,Perth - North East,Kalamunda,Inner Regional Australia
753,Qld,Darling Downs - Maranoa,Balonne,Very Remote Australia
754,NSW,Murray,Murray River,Remote Australia
755,Vic,Ballarat,Ararat,Inner Regional Australia
756,NT,Northern Territory - Outback,Wagait,Remote Australia
757,Qld,Queensland - Outback,Weipa,Very Remote Australia
758,Vic,Melbourne - West,Wyndham,Inner Regional Australia
759,SA,Adelaide - North,Barossa,Major Cities of Australia
760,Vic,Ballarat,Pyrenees,Outer Regional Australia
761,Qld,Queensland - Outback,Pormpuraaw,Very Remote Australia
762,WA,Western Australia - Wheat Belt,Wongan-Ballidu,Outer Regional Australia
763,WA,Western Australia - Outback (North),Karratha,Very Remote Australia
764,NSW,Far West and Orana,Bourke,Very Remote Australia
765,WA,Western Australia - Wheat Belt,Murray,Inner Regional Australia
766,NSW,Central West,Bathurst Regional,Outer Regional Australia
767,Qld,Brisbane - East,Redland,Remote Australia
768,WA,Western Australia - Wheat Belt,Moora,Outer Regional Australia
769,NSW,Coffs Harbour - Grafton,Richmond Valley,Outer Regional Australia
770,NSW,Hunter Valley exc Newcastle,Upper Hunter,Inner Regional Australia
771,Vic,Hume,Unincorporated Vic,Outer Regional Australia
772,Vic,Melbourne - West,Melton,Inner Regional Australia
773,Vic,Hume,Greater Shepparton,Inner Regional Australia
774,NSW,Hunter Valley exc Newcastle,Dungog,Inner Regional Australia
775,WA,Western Australia - Wheat Belt,Chittering,Outer Regional Australia
776,Qld,Townsville,Palm Island,Remote Australia
777,NT,Northern Territory - Outback,West Daly,Very Remote Australia
778,WA,Perth - Inner,Mosman Park,Major Cities of Australia
779,WA,Western Australia - Wheat Belt,Narrogin,Outer Regional Australia
780,WA,Western Australia - Wheat Belt,Merredin,Remote Australia
781,NT,Northern Territory - Outback,Unincorporated NT,Very Remote Australia
782,WA,Western Australia - Wheat Belt,Westonia,Remote Australia
783,WA,Western Australia - Outback (South),Morawa,Remote Australia
784,WA,Perth - Inner,Claremont,Major Cities of Australia
785,WA,Western Australia - Outback (South),Mingenew,Outer Regional Australia
786,WA,Western Australia - Wheat Belt,Merredin,Outer Regional Australia
787,Qld,Wide Bay,Fraser Coast,Outer Regional Australia
788,Qld,Unknown,Unknown,Unknown
789,NSW,Sydney - Parramatta,The Hills,Major Cities of Australia
790,NSW,Sydney - South West,Liverpool,Inner Regional Australia
791,WA,Western Australia - Wheat Belt,Boddington,Outer Regional Australia
792,SA,Barossa - Yorke - Mid North,Yorke Peninsula,Remote Australia
793,WA,Western Australia - Wheat Belt,Goomalling,Outer Regional Australia
794,WA,Perth - Inner,Subiaco,Major Cities of Australia
795,WA,Western Australia - Wheat Belt,Trayning,Remote Australia
796,WA,Bunbury,Manjimup,Remote Australia
797,Vic,Hume,Yarra Ranges,Inner Regional Australia
798,WA,Western Australia - Outback (South),Esperance,Very Remote Australia
799,SA,South Australia - Outback,Franklin Harbour,Outer Regional Australia
800,NT,Northern Territory - Outback,West Daly,Remote Australia
801,WA,Western Australia - Outback (South),Shark Bay,Very Remote Australia
802,WA,Western Australia - Outback (South),Exmouth,Very Remote Australia
803,Vic,Ballarat,Ararat,Outer Regional Australia
804,WA,Western Australia - Outback (South),Sandstone,Very Remote Australia
805,Vic,Warrnambool and South West,Surf Coast,Inner Regional Australia
806,NSW,Unknown,Unknown,Unknown
807,WA,Western Australia - Wheat Belt,Gnowangerup,Outer Regional Australia
808,WA,Bunbury,Boyup Brook,Outer Regional Australia
809,WA,Perth - Inner,Cottesloe,Major Cities of Australia
810,WA,Western Australia - Wheat Belt,Wickepin,Remote Australia
811,WA,Western Australia - Outback (South),Leonora,Very Remote Australia
812,Qld,,,Unknown
813,NSW,,,Unknown
814,SA,,,Unknown
815,Tas,,,Unknown
